scheduling,count,mean,std,min,25%,50%,75%,max
False,72.0,0.27847222222222223,0.23383844556199096,0.003333333333333333,0.04333333333333333,0.2533333333333333,0.3991666666666668,0.6566666666666667
True,28.0,0.6283333333333333,0.04565481507921917,0.5000000000000001,0.6224999999999999,0.6500000000000001,0.6600000000000001,0.6600000000000001
