performance_ability,count,mean,std,min,25%,50%,75%,max
False,71.0,0.45286384976525823,0.2040154800963296,0.03,0.2849999999999999,0.5000000000000001,0.6533333333333334,0.6600000000000001
True,29.0,0.18931034482758624,0.27140343558894026,0.003333333333333333,0.013333333333333332,0.03333333333333333,0.5233333333333333,0.6600000000000001
