spoiled_identity,count,mean,std,min,25%,50%,75%,max
False,62.0,0.3658602150537634,0.25351279628687706,0.003333333333333333,0.14166666666666666,0.32666666666666666,0.64,0.6600000000000001
True,38.0,0.3936842105263159,0.25824748875770354,0.013333333333333332,0.10749999999999997,0.35333333333333344,0.6558333333333334,0.6600000000000001
