scheduling,count,mean,std,min,25%,50%,75%,max
False,70.0,0.2915238095238095,0.2369931650796199,0.0,0.07916666666666666,0.2483333333333333,0.5516666666666666,0.6566666666666667
True,30.0,0.5571111111111111,0.07927223249957172,0.3933333333333334,0.515,0.565,0.6333333333333333,0.6600000000000001
