spoiled_identity,count,mean,std,min,25%,50%,75%,max
False,72.0,0.33921296296296294,0.23417520363069838,0.0,0.13749999999999998,0.3333333333333334,0.5766666666666665,0.6600000000000001
True,28.0,0.453452380952381,0.22626959073104444,0.006666666666666666,0.31666666666666665,0.5616666666666665,0.6408333333333333,0.6566666666666667
