spoiled_identity,performance_ability,scheduling,count,mean,std,min,25%,50%,75%,max
False,False,False,48.0,0.28673611111111114,0.22239560685761445,0.026666666666666665,0.10833333333333332,0.22333333333333327,0.3416666666666667,0.6566666666666667
False,True,False,5.0,0.03933333333333333,0.06409194783884928,0.0,0.01,0.016666666666666666,0.016666666666666666,0.15333333333333332
False,True,True,19.0,0.5507017543859648,0.0819257338139163,0.3933333333333334,0.49833333333333335,0.5433333333333333,0.625,0.6600000000000001
True,False,False,12.0,0.4788888888888889,0.1814605911153883,0.2533333333333333,0.31666666666666665,0.485,0.6566666666666667,0.6566666666666667
True,True,False,5.0,0.13999999999999999,0.2815236323216144,0.006666666666666666,0.01,0.01,0.03,0.6433333333333333
True,True,True,11.0,0.5681818181818181,0.07700452564425656,0.41,0.5299999999999999,0.5833333333333335,0.6299999999999999,0.65
