performance_ability,count,mean,std,min,25%,50%,75%,max
False,60.0,0.32516666666666666,0.22703976024189423,0.026666666666666665,0.15083333333333332,0.2866666666666666,0.6333333333333333,0.6566666666666667
True,40.0,0.44025,0.23641600726268194,0.0,0.4058333333333333,0.53,0.6133333333333333,0.6600000000000001
